-- Create table
create table "App"
(
  "Id"                        NUMBER primary key not null,
  "AppId"                     VARCHAR2(500) default 'default' not null,
  "Name"                      VARCHAR2(500) default 'default' not null,
  "OrgId"                     VARCHAR2(32) default 'default' not null,
  "OrgName"                   VARCHAR2(64) default 'default' not null,
  "OwnerName"                 VARCHAR2(500) default 'default' not null,
  "OwnerEmail"                VARCHAR2(500) default 'default' not null,
  "IsDeleted"                 NUMBER(3) default 0 not null,
  "DataChange_CreatedBy"      VARCHAR2(32) default 'default' not null,
  "DataChange_CreatedTime"    DATE not null,
  "DataChange_LastModifiedBy" VARCHAR2(32),
  "DataChange_LastTime"       DATE
);
-- Add comments to the table 
comment on table "App"
  is '应用表';
-- Add comments to the columns 
comment on column "App"."Id"
  is '主键';
comment on column "App"."AppId"
  is 'AppID';
comment on column "App"."Name"
  is '应用名';
comment on column "App"."OrgId"
  is '部门Id';
comment on column "App"."OrgName"
  is '部门名字';
comment on column "App"."OwnerName"
  is 'ownerName';
comment on column "App"."OwnerEmail"
  is 'ownerEmail';
comment on column "App"."DataChange_CreatedBy"
  is '创建人邮箱前缀';
comment on column "App"."DataChange_CreatedTime"
  is '创建时间';
comment on column "App"."DataChange_LastModifiedBy"
  is '最后修改人邮箱前缀';
comment on column "App"."DataChange_LastTime"
  is '最后修改时间';
-- Create/Recreate indexes 
create index AppId on "App" ("AppId");
create index DataChange_LastTime on "App" ("DataChange_LastTime");
create index IX_Name on "App" ("Name");


-- Create table
create table "AppNamespace"
(
  "Id"                        NUMBER primary key not null,
  "Name"                      VARCHAR2(32) not null,
  "AppId"                     VARCHAR2(32) not null,
  "Format"                    VARCHAR2(32) default 'properties' not null,
  "IsPublic"                  NUMBER(3) default 1 not null,
  "Comment"                   VARCHAR2(64),
  "IsDeleted"                 NUMBER(3) default 0 not null,
  "DataChange_CreatedBy"      VARCHAR2(32),
  "DataChange_CreatedTime"    DATE not null,
  "DataChange_LastModifiedBy" VARCHAR2(32),
  "DataChange_LastTime"       DATE
);
-- Add comments to the table 
comment on table "AppNamespace"
  is '应用namespace定义';
-- Add comments to the columns 
comment on column "AppNamespace"."Id"
  is '主键';
comment on column "AppNamespace"."Name"
  is 'namespace名字，注意，需要全局唯一';
comment on column "AppNamespace"."AppId"
  is 'app id';
comment on column "AppNamespace"."Format"
  is 'namespace的format类型';
comment on column "AppNamespace"."Comment"
  is '注释';
comment on column "AppNamespace"."DataChange_CreatedBy"
  is '创建人邮箱前缀';
comment on column "AppNamespace"."DataChange_CreatedTime"
  is '创建时间';
comment on column "AppNamespace"."DataChange_LastModifiedBy"
  is '最后修改人邮箱前缀';
comment on column "AppNamespace"."DataChange_LastTime"
  is '最后修改时间';
-- Create/Recreate indexes 
create index DataChange_LastTime00000 on "AppNamespace" ("DataChange_LastTime");
create index IX_AppId on "AppNamespace" ("AppId");
create index Name_AppId on "AppNamespace" ("Name", "AppId");


-- Create table
create table "Consumer"
(
  "Id"                        NUMBER primary key not null,
  "AppId"                     VARCHAR2(500) default 'default' not null,
  "Name"                      VARCHAR2(500) default 'default' not null,
  "OrgId"                     VARCHAR2(32) default 'default' not null,
  "OrgName"                   VARCHAR2(64) default 'default' not null,
  "OwnerName"                 VARCHAR2(500) default 'default' not null,
  "OwnerEmail"                VARCHAR2(500) default 'default' not null,
  "IsDeleted"                 NUMBER(3) default 0 not null,
  "DataChange_CreatedBy"      VARCHAR2(32) default 'default' not null,
  "DataChange_CreatedTime"    DATE not null,
  "DataChange_LastModifiedBy" VARCHAR2(32),
  "DataChange_LastTime"       DATE
);
-- Add comments to the table 
comment on table "Consumer"
  is '开放API消费者';
-- Add comments to the columns 
comment on column "Consumer"."Id"
  is '主键';
comment on column "Consumer"."AppId"
  is 'AppID';
comment on column "Consumer"."Name"
  is '应用名';
comment on column "Consumer"."OrgId"
  is '部门Id';
comment on column "Consumer"."OrgName"
  is '部门名字';
comment on column "Consumer"."OwnerName"
  is 'ownerName';
comment on column "Consumer"."OwnerEmail"
  is 'ownerEmail';
comment on column "Consumer"."DataChange_CreatedBy"
  is '创建人邮箱前缀';
comment on column "Consumer"."DataChange_CreatedTime"
  is '创建时间';
comment on column "Consumer"."DataChange_LastModifiedBy"
  is '最后修改人邮箱前缀';
comment on column "Consumer"."DataChange_LastTime"
  is '最后修改时间';
-- Create/Recreate indexes 
create index AppId00000 on "Consumer" ("AppId");
create index DataChange_LastTime00001 on "Consumer" ("DataChange_LastTime");


-- Create table
create table "ConsumerAudit"
(
  "Id"                     NUMBER primary key not null,
  "ConsumerId"             NUMBER,
  "Uri"                    VARCHAR2(1024) not null,
  "Method"                 VARCHAR2(16) not null,
  "DataChange_CreatedTime" DATE not null,
  "DataChange_LastTime"    DATE
);
-- Add comments to the table 
comment on table "ConsumerAudit"
  is 'consumer审计表';
-- Add comments to the columns 
comment on column "ConsumerAudit"."Id"
  is '主键';
comment on column "ConsumerAudit"."ConsumerId"
  is 'Consumer Id';
comment on column "ConsumerAudit"."Uri"
  is '访问的Uri';
comment on column "ConsumerAudit"."Method"
  is '访问的Method';
comment on column "ConsumerAudit"."DataChange_CreatedTime"
  is '创建时间';
comment on column "ConsumerAudit"."DataChange_LastTime"
  is '最后修改时间';
-- Create/Recreate indexes 
create index IX_ConsumerId on "ConsumerAudit" ("ConsumerId");
create index IX_DataChange_LastTime on "ConsumerAudit" ("DataChange_CreatedTime");


-- Create table
create table "ConsumerRole"
(
  "Id"                        NUMBER primary key not null,
  "ConsumerId"                NUMBER,
  "RoleId"                    NUMBER,
  "IsDeleted"                 NUMBER(3) default 0 not null,
  "DataChange_CreatedBy"      VARCHAR2(32) default 'default' not null,
  "DataChange_CreatedTime"    DATE not null,
  "DataChange_LastModifiedBy" VARCHAR2(32),
  "DataChange_LastTime"       DATE
);
-- Add comments to the table 
comment on table "ConsumerRole"
  is 'consumer和role的绑定表';
-- Add comments to the columns 
comment on column "ConsumerRole"."Id"
  is '主键';
comment on column "ConsumerRole"."ConsumerId"
  is 'Consumer Id';
comment on column "ConsumerRole"."RoleId"
  is 'Role Id';
comment on column "ConsumerRole"."DataChange_CreatedBy"
  is '创建人邮箱前缀';
comment on column "ConsumerRole"."DataChange_CreatedTime"
  is '创建时间';
comment on column "ConsumerRole"."DataChange_LastModifiedBy"
  is '最后修改人邮箱前缀';
comment on column "ConsumerRole"."DataChange_LastTime"
  is '最后修改时间';
-- Create/Recreate indexes 
create index IX_ConsumerId_RoleId on "ConsumerRole" ("ConsumerId", "RoleId");
create index IX_DataChange_LastTime00000 on "ConsumerRole" ("DataChange_LastTime");
create index IX_RoleId on "ConsumerRole" ("RoleId");

  
-- Create table
create table "ConsumerToken"
(
  "Id"                        NUMBER primary key not null,
  "ConsumerId"                NUMBER,
  "Token"                     VARCHAR2(128) not null,
  "Expires"                   TIMESTAMP(6) default to_date('2099-01-01', 'YYYY-MM-DD') not null,
  "IsDeleted"                 NUMBER(3) default 0 not null,
  "DataChange_CreatedBy"      VARCHAR2(32) default 'default' not null,
  "DataChange_CreatedTime"    DATE not null,
  "DataChange_LastModifiedBy" VARCHAR2(32),
  "DataChange_LastTime"       DATE
);
-- Add comments to the table 
comment on table "ConsumerToken"
  is 'consumer token表';
-- Add comments to the columns 
comment on column "ConsumerToken"."Id"
  is '主键';
comment on column "ConsumerToken"."ConsumerId"
  is 'Consumer Id';
comment on column "ConsumerToken"."DataChange_CreatedBy"
  is '创建人邮箱前缀';
comment on column "ConsumerToken"."DataChange_CreatedTime"
  is '创建时间';
comment on column "ConsumerToken"."DataChange_LastModifiedBy"
  is '最后修改人邮箱前缀';
comment on column "ConsumerToken"."DataChange_LastTime"
  is '最后修改时间';
-- Create/Recreate indexes 
create index DataChange_LastTime00002 on "ConsumerToken" ("DataChange_LastTime");
create unique index IX_Token on "ConsumerToken" (CASE  WHEN "Token" IS NOT NULL THEN "Token" END);
  

-- Create table
create table "Favorite"
(
  "Id"                        NUMBER primary key not null,
  "UserId"                    VARCHAR2(32) default 'default' not null,
  "AppId"                     VARCHAR2(500) default 'default' not null,
  "Position"                  NUMBER(10) default 10000 not null,
  "IsDeleted"                 NUMBER(3) default 0 not null,
  "DataChange_CreatedBy"      VARCHAR2(32) default 'default' not null,
  "DataChange_CreatedTime"    DATE not null,
  "DataChange_LastModifiedBy" VARCHAR2(32),
  "DataChange_LastTime"       DATE
);
-- Add comments to the table 
comment on table "Favorite"
  is '应用收藏表';
-- Add comments to the columns 
comment on column "Favorite"."Id"
  is '主键';
comment on column "Favorite"."UserId"
  is '收藏的用户';
comment on column "Favorite"."AppId"
  is 'AppID';
comment on column "Favorite"."Position"
  is '收藏顺序';
comment on column "Favorite"."DataChange_CreatedBy"
  is '创建人邮箱前缀';
comment on column "Favorite"."DataChange_CreatedTime"
  is '创建时间';
comment on column "Favorite"."DataChange_LastModifiedBy"
  is '最后修改人邮箱前缀';
comment on column "Favorite"."DataChange_LastTime"
  is '最后修改时间';
-- Create/Recreate indexes 
create index AppId00001 on "Favorite" ("AppId");
create index DataChange_LastTime00003 on "Favorite" ("DataChange_LastTime");
create index IX_UserId on "Favorite" ("UserId");


-- Create table
create table "Permission"
(
  "Id"                        NUMBER primary key not null,
  "PermissionType"            VARCHAR2(32) not null,
  "TargetId"                  VARCHAR2(256) not null,
  "IsDeleted"                 NUMBER(3) default 0 not null,
  "DataChange_CreatedBy"      VARCHAR2(32),
  "DataChange_CreatedTime"    DATE not null,
  "DataChange_LastModifiedBy" VARCHAR2(32),
  "DataChange_LastTime"       DATE
);
-- Add comments to the table 
comment on table "Permission"
  is 'permission表';
-- Add comments to the columns 
comment on column "Permission"."Id"
  is '主键';
comment on column "Permission"."PermissionType"
  is '权限类型';
comment on column "Permission"."TargetId"
  is '权限对象类型';
comment on column "Permission"."DataChange_CreatedBy"
  is '创建人邮箱前缀';
comment on column "Permission"."DataChange_CreatedTime"
  is '创建时间';
comment on column "Permission"."DataChange_LastModifiedBy"
  is '最后修改人邮箱前缀';
comment on column "Permission"."DataChange_LastTime"
  is '最后修改时间';
-- Create/Recreate indexes 
create index IX_DataChange_LastTime00001 on "Permission" ("DataChange_LastTime");
create index IX_TargetId_PermissionType on "Permission" ("TargetId", "PermissionType");


-- Create table
create table "Role"
(
  "Id"                        NUMBER primary key not null,
  "RoleName"                  VARCHAR2(256) not null,
  "IsDeleted"                 NUMBER(3) default 0 not null,
  "DataChange_CreatedBy"      VARCHAR2(32),
  "DataChange_CreatedTime"    DATE not null,
  "DataChange_LastModifiedBy" VARCHAR2(32),
  "DataChange_LastTime"       DATE
);
-- Add comments to the table 
comment on table "Role"
  is '角色表';
-- Add comments to the columns 
comment on column "Role"."Id"
  is '主键';
comment on column "Role"."RoleName"
  is 'Role name';
comment on column "Role"."DataChange_CreatedBy"
  is '创建人邮箱前缀';
comment on column "Role"."DataChange_CreatedTime"
  is '创建时间';
comment on column "Role"."DataChange_LastModifiedBy"
  is '最后修改人邮箱前缀';
comment on column "Role"."DataChange_LastTime"
  is '最后修改时间';
-- Create/Recreate indexes 
create index IX_DataChange_LastTime00002 on "Role" ("DataChange_LastTime");
create index IX_RoleName on "Role" ("RoleName");


-- Create table
create table "RolePermission"
(
  "Id"                        NUMBER primary key not null,
  "RoleId"                    NUMBER,
  "PermissionId"              NUMBER,
  "IsDeleted"                 NUMBER(3) default 0 not null,
  "DataChange_CreatedBy"      VARCHAR2(32),
  "DataChange_CreatedTime"    DATE not null,
  "DataChange_LastModifiedBy" VARCHAR2(32),
  "DataChange_LastTime"       DATE
);
-- Add comments to the table 
comment on table "RolePermission"
  is '角色和权限的绑定表';
-- Add comments to the columns 
comment on column "RolePermission"."Id"
  is '主键';
comment on column "RolePermission"."RoleId"
  is 'Role Id';
comment on column "RolePermission"."PermissionId"
  is 'Permission Id';
comment on column "RolePermission"."DataChange_CreatedBy"
  is '创建人邮箱前缀';
comment on column "RolePermission"."DataChange_CreatedTime"
  is '创建时间';
comment on column "RolePermission"."DataChange_LastModifiedBy"
  is '最后修改人邮箱前缀';
comment on column "RolePermission"."DataChange_LastTime"
  is '最后修改时间';
-- Create/Recreate indexes 
create index IX_DataChange_LastTime00003 on "RolePermission" ("DataChange_LastTime");
create index IX_PermissionId on "RolePermission" ("PermissionId");
create index IX_RoleId00000 on "RolePermission" ("RoleId");


-- Create table
create table "UserRole"
(
  "Id"                        NUMBER primary key not null,
  "UserId"                    VARCHAR2(128),
  "RoleId"                    NUMBER,
  "IsDeleted"                 NUMBER(3) default 0 not null,
  "DataChange_CreatedBy"      VARCHAR2(32),
  "DataChange_CreatedTime"    DATE not null,
  "DataChange_LastModifiedBy" VARCHAR2(32),
  "DataChange_LastTime"       DATE
);
-- Add comments to the table 
comment on table "UserRole"
  is '用户和role的绑定表';
-- Add comments to the columns 
comment on column "UserRole"."Id"
  is '主键';
comment on column "UserRole"."UserId"
  is '用户身份标识';
comment on column "UserRole"."RoleId"
  is 'Role Id';
comment on column "UserRole"."DataChange_CreatedBy"
  is '创建人邮箱前缀';
comment on column "UserRole"."DataChange_CreatedTime"
  is '创建时间';
comment on column "UserRole"."DataChange_LastModifiedBy"
  is '最后修改人邮箱前缀';
comment on column "UserRole"."DataChange_LastTime"
  is '最后修改时间';
-- Create/Recreate indexes 
create index IX_DataChange_LastTime00004 on "UserRole" ("DataChange_LastTime");
create index IX_RoleId00001 on "UserRole" ("RoleId");
create index IX_UserId_RoleId on "UserRole" ("UserId", "RoleId");


-- Create table
create table "ServerConfig"
(
  "Id"                        NUMBER primary key not null,
  "Key"                       VARCHAR2(64) default 'default' not null,
  "Value"                     VARCHAR2(2048),
  "Comment"                   VARCHAR2(1024),
  "IsDeleted"                 NUMBER(3) default 0 not null,
  "DataChange_CreatedBy"      VARCHAR2(32) default 'default' not null,
  "DataChange_CreatedTime"    DATE not null,
  "DataChange_LastModifiedBy" VARCHAR2(32),
  "DataChange_LastTime"       DATE
);
-- Add comments to the table 
comment on table "ServerConfig"
  is '配置服务自身配置';
-- Add comments to the columns 
comment on column "ServerConfig"."Id"
  is '主键';
comment on column "ServerConfig"."Key"
  is '配置项Key';
comment on column "ServerConfig"."Value"
  is '配置项值';
comment on column "ServerConfig"."Comment"
  is '注释';
comment on column "ServerConfig"."DataChange_CreatedBy"
  is '创建人邮箱前缀';
comment on column "ServerConfig"."DataChange_CreatedTime"
  is '创建时间';
comment on column "ServerConfig"."DataChange_LastModifiedBy"
  is '最后修改人邮箱前缀';
comment on column "ServerConfig"."DataChange_LastTime"
  is '最后修改时间';
-- Create/Recreate indexes 
create index DataChange_LastTime00004 on "ServerConfig" ("DataChange_LastTime");
create index IX_Key on "ServerConfig" ("Key");


create table "Users"
(
  "Id" NUMBER primary key not null,
  "Username" VARCHAR2(64) default 'default' not null,
  "Password" VARCHAR2(64) default 'default' not null,
  "Email" VARCHAR2(64) default 'default' not null,
  "Enabled" NUMBER(4) default null
);
comment on table "Users"
  is '用户表';
comment on column "Users"."Id"
  is '主键';
comment on column "Users"."Username"
  is '用户名';
comment on column "Users"."Password"
  is '密码';
comment on column "Users"."Email"
  is '邮箱地址';
comment on column "Users"."Enabled"
  is '是否有效';


create table "Authorities"
(
  "Id" NUMBER primary key not null,
  "Username" VARCHAR2(64) not null,
  "Authority" VARCHAR2(50) not null
);
comment on table "Authorities"
  is '授权表';
comment on column "Authorities"."Id"
  is '主键';
comment on column "Authorities"."Username"
  is '用户名';
comment on column "Authorities"."Authority"
  is '权限';

  
insert into "ServerConfig" 
values (1, 'apollo.portal.envs', 'dev', '可支持的环境列表', 0, 'default', sysdate, null, sysdate);

insert into "ServerConfig" 
values (2, 'organizations', '[{"orgId":"TEST1","orgName":"样例部门1"},{"orgId":"TEST2","orgName":"样例部门2"}]', '部门列表', 0, 'default', sysdate, null, to_date('11-09-2017 15:36:47', 'dd-mm-yyyy hh24:mi:ss'));

insert into "ServerConfig" 
values (3, 'superAdmin', 'apollo', 'Portal超级管理员', 0, 'default', sysdate, null, sysdate);

insert into "ServerConfig" 
values (4, 'api.readTimeout', '10000', 'http接口read timeout', 0, 'default', sysdate, null, sysdate);

insert into "ServerConfig" 
values (5, 'consumer.token.salt', 'someSalt', 'consumer token salt', 0, 'default', sysdate, null, sysdate);

insert into "Users"
values (1, 'apollo', '$2a$10$7r20uS.BQ9uBpf3Baj3uQOZvMVvB1RN3PYoKE94gtz2.WAOuiiwXS', 'apollo@acme.com', 1);

insert into "Authorities"
values (1, 'apollo', 'ROLE_user');

-- Sample Data
-- ------------------------------------------------------------
insert into "App" ("Id", "AppId", "Name", "OrgId", "OrgName", "OwnerName", "OwnerEmail", "DataChange_CreatedTime", "DataChange_LastTime")
values (1, 'SampleApp', 'Sample App', 'TEST1', '样例部门1', 'apollo', 'apollo@acme.com', sysdate, sysdate);

insert into "AppNamespace" ("Id", "Name", "AppId", "Format", "IsPublic", "Comment", "DataChange_CreatedTime", "DataChange_LastTime")
values (1, 'application', 'SampleApp', 'properties', 0, 'default app namespace', sysdate, sysdate);

insert into "Permission" ("Id", "PermissionType", "TargetId", "DataChange_CreatedTime", "DataChange_LastTime")
values (1, 'CreateCluster', 'SampleApp', sysdate, sysdate);

insert into "Permission" ("Id", "PermissionType", "TargetId", "DataChange_CreatedTime", "DataChange_LastTime")
values (2, 'CreateNamespace', 'SampleApp', sysdate, sysdate);

insert into "Permission" ("Id", "PermissionType", "TargetId", "DataChange_CreatedTime", "DataChange_LastTime")
values (3, 'AssignRole', 'SampleApp', sysdate, sysdate);

insert into "Permission" ("Id", "PermissionType", "TargetId", "DataChange_CreatedTime", "DataChange_LastTime")
values (4, 'ModifyNamespace', 'SampleApp+application', sysdate, sysdate);

insert into "Permission" ("Id", "PermissionType", "TargetId", "DataChange_CreatedTime", "DataChange_LastTime")
values (5, 'ReleaseNamespace', 'SampleApp+application', sysdate, sysdate);

insert into "Role" ("Id", "RoleName", "DataChange_CreatedTime", "DataChange_LastTime")
values (1, 'Master+SampleApp', sysdate, sysdate);

insert into "Role" ("Id", "RoleName", "DataChange_CreatedTime", "DataChange_LastTime")
values (2, 'ModifyNamespace+SampleApp+application', sysdate, sysdate);

insert into "Role" ("Id", "RoleName", "DataChange_CreatedTime", "DataChange_LastTime")
values (3, 'ReleaseNamespace+SampleApp+application', sysdate, sysdate);

insert into "RolePermission" ("Id", "RoleId", "PermissionId", "DataChange_CreatedTime", "DataChange_LastTime")
values (1, 1, 1, sysdate, sysdate);

insert into "RolePermission" ("Id", "RoleId", "PermissionId", "DataChange_CreatedTime", "DataChange_LastTime")
values (2, 1, 2, sysdate, sysdate);

insert into "RolePermission" ("Id", "RoleId", "PermissionId", "DataChange_CreatedTime", "DataChange_LastTime")
values (3, 1, 3, sysdate, sysdate);

insert into "RolePermission" ("Id", "RoleId", "PermissionId", "DataChange_CreatedTime", "DataChange_LastTime")
values (4, 2, 4, sysdate, sysdate);

insert into "RolePermission" ("Id", "RoleId", "PermissionId", "DataChange_CreatedTime", "DataChange_LastTime")
values (5, 3, 5, sysdate, sysdate);

insert into "UserRole" ("Id", "UserId", "RoleId", "DataChange_CreatedTime", "DataChange_LastTime")
values (1, 'apollo', 1, sysdate, sysdate);

insert into "UserRole" ("Id", "UserId", "RoleId", "DataChange_CreatedTime", "DataChange_LastTime")
values (2, 'apollo', 2, sysdate, sysdate);

insert into "UserRole" ("Id", "UserId", "RoleId", "DataChange_CreatedTime", "DataChange_LastTime")
values (3, 'apollo', 3, sysdate, sysdate);


-- Create sequence 
create sequence ID_SEQ
minvalue 1
maxvalue 9223372036854775807
start with 10
increment by 1
cache 20
cycle
order;
